<TextureAtlas imagePath="checkpoint.png">
    <Subtexture name="Flag0" x="0" y="0" width="16" height="34" />
    <Subtexture name="Flag1" x="16" y="0" width="16" height="34" />
    <Subtexture name="Flag2" x="32" y="0" width="16" height="34" />
    <Subtexture name="Flag3" x="0" y="34" width="16" height="34" />
    <Subtexture name="Flag4" x="16" y="34" width="16" height="34" />
    <Subtexture name="Flag5" x="32" y="34" width="16" height="34" />
    <Subtexture name="Flag_down0" x="48" y="0" width="16" height="34" />
    <Subtexture name="Flag_down1" x="48" y="34" width="16" height="34" />
</TextureAtlas>