<TextureAtlas imagePath="enemy sprites.png">
    <Subtexture name="enemy_red0" x="0" y="0" width="16" height="13" />
    <Subtexture name="enemy_red1" x="0" y="13" width="16" height="13" />
    <Subtexture name="enemy_red2" x="0" y="26" width="16" height="13" />
    <Subtexture name="enemy_red3" x="0" y="39" width="16" height="13" />
    <Subtexture name="enemy_red4" x="0" y="52" width="16" height="13" />
    <Subtexture name="enemy_red5" x="0" y="65" width="16" height="13" />
    <Subtexture name="enemy_red6" x="0" y="78" width="16" height="13" />
    <Subtexture name="enemy_red7" x="0" y="91" width="16" height="13" />
    <Subtexture name="enemy_orange0" x="16" y="0" width="16" height="13" />
    <Subtexture name="enemy_orange1" x="16" y="13" width="16" height="13" />
    <Subtexture name="enemy_orange2" x="16" y="26" width="16" height="13" />
    <Subtexture name="enemy_orange3" x="16" y="39" width="16" height="13" />
    <Subtexture name="enemy_orange4" x="16" y="52" width="16" height="13" />
    <Subtexture name="enemy_orange5" x="16" y="65" width="16" height="13" />
    <Subtexture name="enemy_orange6" x="16" y="78" width="16" height="13" />
    <Subtexture name="enemy_orange7" x="16" y="91" width="16" height="13" />
    <Subtexture name="enemy_green0" x="32" y="0" width="16" height="13" />
    <Subtexture name="enemy_green1" x="32" y="13" width="16" height="13" />
    <Subtexture name="enemy_green2" x="32" y="26" width="16" height="13" />
    <Subtexture name="enemy_green3" x="32" y="39" width="16" height="13" />
    <Subtexture name="enemy_green4" x="32" y="52" width="16" height="13" />
    <Subtexture name="enemy_green5" x="32" y="65" width="16" height="13" />
    <Subtexture name="enemy_green6" x="32" y="78" width="16" height="13" />
    <Subtexture name="enemy_green7" x="32" y="91" width="16" height="13" />
    <Subtexture name="enemy_blue0" x="48" y="0" width="16" height="13" />
    <Subtexture name="enemy_blue1" x="48" y="13" width="16" height="13" />
    <Subtexture name="enemy_blue2" x="48" y="26" width="16" height="13" />
    <Subtexture name="enemy_blue3" x="48" y="39" width="16" height="13" />
    <Subtexture name="enemy_blue4" x="48" y="52" width="16" height="13" />
    <Subtexture name="enemy_blue5" x="48" y="65" width="16" height="13" />
    <Subtexture name="enemy_blue6" x="48" y="78" width="16" height="13" />
    <Subtexture name="enemy_blue7" x="48" y="91" width="16" height="13" />
    <Subtexture name="enemy_purple0" x="64" y="0" width="16" height="13" />
    <Subtexture name="enemy_purple1" x="64" y="13" width="16" height="13" />
    <Subtexture name="enemy_purple2" x="64" y="26" width="16" height="13" />
    <Subtexture name="enemy_purple3" x="64" y="39" width="16" height="13" />
    <Subtexture name="enemy_purple4" x="64" y="52" width="16" height="13" />
    <Subtexture name="enemy_purple5" x="64" y="65" width="16" height="13" />
    <Subtexture name="enemy_purple6" x="64" y="78" width="16" height="13" />
    <Subtexture name="enemy_purple7" x="64" y="91" width="16" height="13" />
    <Subtexture name="enemy_cyan0" x="80" y="0" width="16" height="13" />
    <Subtexture name="enemy_cyan1" x="80" y="13" width="16" height="13" />
    <Subtexture name="enemy_cyan2" x="80" y="26" width="16" height="13" />
    <Subtexture name="enemy_cyan3" x="80" y="39" width="16" height="13" />
    <Subtexture name="enemy_cyan4" x="80" y="52" width="16" height="13" />
    <Subtexture name="enemy_cyan5" x="80" y="65" width="16" height="13" />
    <Subtexture name="enemy_cyan6" x="80" y="78" width="16" height="13" />
    <Subtexture name="enemy_cyan7" x="80" y="91" width="16" height="13" />
</TextureAtlas>