<TextureAtlas ImagePath="player.png">
    <Subtexture name="player_red0" x="0" y="0" width="16" height="24" />
    <Subtexture name="player_red1" x="0" y="24" width="16" height="24" />
    <Subtexture name="player_red2" x="0" y="48" width="16" height="24" />
    <Subtexture name="player_red3" x="0" y="72" width="16" height="24" />
    <Subtexture name="player_red4" x="0" y="96" width="16" height="24" />
    <Subtexture name="player_red5" x="0" y="120" width="16" height="24" />
    <Subtexture name="player_orange0" x="16" y="0" width="16" height="24" />
    <Subtexture name="player_orange1" x="16" y="24" width="16" height="24" />
    <Subtexture name="player_orange2" x="16" y="48" width="16" height="24" />
    <Subtexture name="player_orange3" x="16" y="72" width="16" height="24" />
    <Subtexture name="player_orange4" x="16" y="96" width="16" height="24" />
    <Subtexture name="player_orange5" x="16" y="120" width="16" height="24" />
    <Subtexture name="player_green0" x="32" y="0" width="16" height="24" />
    <Subtexture name="player_green1" x="32" y="24" width="16" height="24" />
    <Subtexture name="player_green2" x="32" y="48" width="16" height="24" />
    <Subtexture name="player_green3" x="32" y="72" width="16" height="24" />
    <Subtexture name="player_green4" x="32" y="96" width="16" height="24" />
    <Subtexture name="player_green5" x="32" y="120" width="16" height="24" />
    <Subtexture name="player_blue0" x="48" y="0" width="16" height="24" />
    <Subtexture name="player_blue1" x="48" y="24" width="16" height="24" />
    <Subtexture name="player_blue2" x="48" y="48" width="16" height="24" />
    <Subtexture name="player_blue3" x="48" y="72" width="16" height="24" />
    <Subtexture name="player_blue4" x="48" y="96" width="16" height="24" />
    <Subtexture name="player_blue5" x="48" y="120" width="16" height="24" />
    <Subtexture name="player_purple0" x="64" y="0" width="16" height="24" />
    <Subtexture name="player_purple1" x="64" y="24" width="16" height="24" />
    <Subtexture name="player_purple2" x="64" y="48" width="16" height="24" />
    <Subtexture name="player_purple3" x="64" y="72" width="16" height="24" />
    <Subtexture name="player_purple4" x="64" y="96" width="16" height="24" />
    <Subtexture name="player_purple5" x="64" y="120" width="16" height="24" />
    <Subtexture name="player_cyan0" x="80" y="0" width="16" height="24" />
    <Subtexture name="player_cyan1" x="80" y="24" width="16" height="24" />
    <Subtexture name="player_cyan2" x="80" y="48" width="16" height="24" />
    <Subtexture name="player_cyan3" x="80" y="72" width="16" height="24" />
    <Subtexture name="player_cyan4" x="80" y="96" width="16" height="24" />
    <Subtexture name="player_cyan5" x="80" y="120" width="16" height="24" />
</TextureAtlas>